#
# COMMUNITY HEARTS
#
../Misc Hearts/Ethnicity/BIPOC.gif
../Alterhuman Hearts/Alterhuman.gif
../Alterhuman Hearts/Human Non-Conforming.gif
../Alterhuman Hearts/Otherkin.gif
../Alterhuman Hearts/Therian.gif
../Misc Hearts/Identity/Voidpunk.gif
../Misc Hearts/Identity/Anarcho-Queer.gif
#
# HEALTH HEARTS
#
../Health Hearts/Community Label/Disability Pride.gif
../Health Hearts/Community Label/OSDD-1a 2.gif | OSDD-1a
../Health Hearts/Community Label/OSDD-1b 2.gif | OSDD-1b
../Health Hearts/Mental/ADHD.gif
../Health Hearts/Mental/Anxiety.gif
../Health Hearts/Mental/Autism 1.gif | Autism
../Health Hearts/Mental/Bipolar.gif
../Health Hearts/Mental/C-PTSD.gif
../Health Hearts/Mental/Depression.gif
../Health Hearts/Mental/DID-OSDD 1.gif | DID
../Health Hearts/Mental/DPDR.gif
../Health Hearts/Mental/OCD.gif
../Health Hearts/Mental/Schizophrenia.gif
../Health Hearts/Mental/P-DID 1.gif | P-DID
../Health Hearts/Mental/PTSD 1.gif | PTSD
../Health Hearts/Mental/UDD.gif
../Health Hearts/Mental/Personality Disorders/ASPD 1.gif | ASPD
../Health Hearts/Mental/Personality Disorders/BPD 1.gif | BPD
../Health Hearts/Mental/Personality Disorders/HPD 2.gif | HPD
../Health Hearts/Mental/Personality Disorders/NPD 1.gif | NPD
../Health Hearts/Physical/ME-CFS.gif
../Health Hearts/Physical/Fibromyalgia.gif

#
# INTERSECTIONALITY HEARTS
#
../Combo Hearts/Misc + Queer/Black Trans.gif
../Combo Hearts/Queer + Plural/Systemfluid.gif
../Combo Hearts/Queer + Plural/System4System.gif

#
# PLURAL HEARTS
#
../Plural Hearts/Introject & Related/Factive 1.gif | Factive
../Plural Hearts/Introject & Related/Fictive 1.gif | Fictive
../Plural Hearts/Member Type/Extranth.gif
../Plural Hearts/Miscellaneous/Plural 1.gif | Plural
../Plural Hearts/Origins/Endogenic 1.gif | Endogenic
../Plural Hearts/Origins/Traumagenic 1.gif | Traumagenic
../Plural Hearts/Origins/Quoigenic 1.gif | Quoigenic
../Plural Hearts/System Type/Median 1.gif | Median
../Plural Hearts/System Type/Polyfragmented 1.gif | Polyfragmented

#
# QUEER HEARTS
#

# A-spec
../Queer Hearts/A-spec/Aplatonic Spectrum/Aplatonic.gif
../Queer Hearts/A-spec/Aro Ace & More/Aroace.gif
../Queer Hearts/A-spec/Aromantic Spectrum/Aegoromantic.gif
../Queer Hearts/A-spec/Aromantic Spectrum/Aromantic.gif
../Queer Hearts/A-spec/Aromantic Spectrum/Demiromantic.gif
../Queer Hearts/A-spec/Aromantic Spectrum/Greyromantic 1.gif | Greyromantic
../Queer Hearts/A-spec/Asexual Spectrum/Aegosexual.gif
../Queer Hearts/A-spec/Asexual Spectrum/Asexual.gif
../Queer Hearts/A-spec/Asexual Spectrum/Demisexual.gif
../Queer Hearts/A-spec/Asexual Spectrum/Greysexual.gif

# Gender Expression
../Queer Hearts/Gender Expression/Bear.gif
../Queer Hearts/Gender Expression/Femboy.gif
../Queer Hearts/Gender Expression/Otter.gif
../Queer Hearts/Gender Expression/Tomboy 2.gif | Tomboy
../Queer Hearts/Gender Expression/Twink.gif

# Gender pride flags
../Queer Hearts/Gender/Agender.gif
../Queer Hearts/Gender/Androgyne 1.gif | Androgyne
../Queer Hearts/Gender/Bigender 1.gif | Bigender
../Queer Hearts/Gender/Boygirl.gif
../Queer Hearts/Gender/Demiboy.gif
../Queer Hearts/Gender/Demigirl.gif
../Queer Hearts/Gender/Demigender.gif
../Queer Hearts/Gender/Genderfluid.gif
../Queer Hearts/Gender/Genderflux.gif
../Queer Hearts/Gender/Genderqueer.gif
../Queer Hearts/Gender/Non-Binary.gif
../Queer Hearts/Gender/Trans.gif
../Queer Hearts/Gender/Transfem 1.gif | Transfem
../Queer Hearts/Gender/Transfem 2.gif | Transfem Alt
../Queer Hearts/Gender/Transmasc 1.gif | Transmasc
../Queer Hearts/Gender/Transmasc 2.gif | Transmasc Alt
../Queer Hearts/Gender/Transneutral 1.gif | Transneutral
../Queer Hearts/Gender/Transneutral 2.gif | Transneutral Alt
../Queer Hearts/Gender/Two-Spirit 1.gif | Two-Spirit
../Queer Hearts/Gender/Neurogenders & Related/Autigender 1.gif | Autigender
../Queer Hearts/Gender/Neurogenders & Related/Neurogender.gif
../Queer Hearts/Gender/Xenogenders & Related/Catgender.gif
../Queer Hearts/Gender/Xenogenders & Related/Xenogender.gif

# Miscellaneous pride flags
../Queer Hearts/Miscellaneous/Intersex.gif
../Queer Hearts/Miscellaneous/Progress Pride.gif
../Queer Hearts/Miscellaneous/Queer 1.gif | Queer
../Queer Hearts/Miscellaneous/T4T 1.gif | T4T

# Altersex
../Queer Hearts/Altersex & Related/Salmacian 1.gif | Salmacian

# Orientation
../Queer Hearts/Tertiary Orientation/Platonic/Queerplatonic.gif
../Queer Hearts/Sexuality/Abrosexual.gif
../Queer Hearts/Sexuality/Achillean.gif
../Queer Hearts/Sexuality/Bisexual.gif
../Queer Hearts/Sexuality/Diamoric.gif
../Queer Hearts/Sexuality/Enbian 1.gif | Enbian
../Queer Hearts/Sexuality/Finsexual 2.gif | Finsexual
../Queer Hearts/Sexuality/Heteroflexible 2.gif | Heteroflexible
../Queer Hearts/Sexuality/Homoflexible 2.gif | Homoflexible
../Queer Hearts/Sexuality/Lesbian 1.gif | Lesbian
../Queer Hearts/Sexuality/Minsexual 2.gif | Minsexual
../Queer Hearts/Sexuality/MLM.gif
../Queer Hearts/Sexuality/Ninsexual 2.gif | Ninsexual
../Queer Hearts/Sexuality/Omnisexual.gif
../Queer Hearts/Sexuality/Pansexual.gif
../Queer Hearts/Sexuality/Polysexual.gif
../Queer Hearts/Sexuality/Sapphic.gif

# Relationship model
../Queer Hearts/Relationship Model/Ambiamorous 1.gif | Ambiamorous
../Queer Hearts/Relationship Model/Polyamorous 1.gif | Polyamorous

#
# JOKE HEARTS
#
../Meme Hearts/Anarcho-Communism.gif

#
# DISTRO HEARTS
#
../Tech Hearts/Linux Distros/Alpine.gif
../Tech Hearts/Linux Distros/Arch.gif
../Tech Hearts/Linux Distros/Artix.gif
../Tech Hearts/Linux Distros/Debian.gif
../Tech Hearts/Linux Distros/Fedora.gif
../Tech Hearts/Linux Distros/Gentoo.gif
../Tech Hearts/Linux Distros/Mint.gif
../Tech Hearts/Linux Distros/NixOS.gif
../Tech Hearts/Linux Distros/SteamOS.gif
../Tech Hearts/Linux Distros/Void.gif
../Tech Hearts/Other OSs/FreeBSD.gif
